<?xml version="1.0" encoding="UTF-8"?>
<Configuration status="WARN">
  <Appenders>
    <Console name="Console" target="SYSTEM_OUT">
      <PatternLayout pattern="%d{yyyy-MM-dd HH:mm:ss} %-5p %c{1}:%L - %m%n"/>
    </Console>
    <RollingFile name="File" fileName="logs/app.log" filePattern="logs/app-%d{yyyy-MM-dd}-%i.log.gz">
      <PatternLayout>
        <Pattern>%d{yyyy-MM-dd HH:mm:ss} %-5p %c - %m%n</Pattern>
      </PatternLayout>
      <Policies>
        <TimeBasedTriggeringPolicy interval="1"/>
        <SizeBasedTriggeringPolicy size="10MB"/>
      </Policies>
      <DefaultRolloverStrategy max="14"/>
    </RollingFile>
  </Appenders>
  <Loggers>
    <Logger name="com.sra.backend" level="info" additivity="false">
      <AppenderRef ref="Console"/>
      <AppenderRef ref="File"/>
    </Logger>
    <Root level="info">
      <AppenderRef ref="Console"/>
      <AppenderRef ref="File"/>
    </Root>
  </Loggers>
</Configuration>
